First row,Foo,Bar,Baz

Second row,A,B,C,"""Testing""",Here's a quote

First row,Foo,Bar,Baz

Second row,A,B,C,"""Testing""",Here's a quote

First row,Foo,Bar,Baz

Second row,A,B,C,"""Testing""",Here's a quote

First row,Foo,Bar,Baz

Second row,A,B,C,"""Testing""",Here's a quote

First row,Foo,Bar,Baz

Second row,A,B,C,"""Testing""",Here's a quote

First row,Foo,Bar,Baz

Second row,A,B,C,"""Testing""",Here's a quote

First row,Foo,Bar,Baz

Second row,A,B,C,"""Testing""",Here's a quote

First row,Foo,Bar,Baz

Second row,A,B,C,"""Testing""",Here's a quote

First row,Foo,Bar,Baz

Second row,A,B,C,"""Testing""",Here's a quote

First row,Foo,Bar,Baz

Second row,A,B,C,"""Testing""",Here's a quote

First row,Foo,Bar,Baz

Second row,A,B,C,"""Testing""",Here's a quote

